file_name,Upper_band_sum,Lower_band_sum,Upper_band_area,Lower_band_area,averate_pixel_background,Upper_band_sum_corrected,Lower_band_sum_corrected,Band_ratio
20240104-3,26384,10453,42,31.25,24,22352,7453,2.9990607808936
20240104-4,34982,15844,38,26,42,28598,11476,2.491983269431858
20240104-5,45385,21215,48.25,26,56,34577,15391,2.2465726723409785
20240104-6,63931,35001,66.5,37,81,42385,23013,1.8417850779993916
20240104-7,72651,42554,73.5,43.75,105,41781,24179,1.7279870962405393
